epoch,time,train/box_loss,train/cls_loss,train/dfl_loss,metrics/precision(B),metrics/recall(B),metrics/mAP50(B),metrics/mAP50-95(B),val/box_loss,val/cls_loss,val/dfl_loss,lr/pg0,lr/pg1,lr/pg2
1,30.4189,2.50255,127.478,2.07792,0.02757,0.06667,0.01102,0.00423,2.28698,161.108,1.99255,0.00056,0.00056,0.00056
2,35.0807,3.42405,50.2717,3.73312,0,0,0,0,nan,nan,nan,0.00113839,0.00113839,0.00113839
3,38.5145,3.67023,5.41361,3.72309,0,0,0,0,nan,nan,nan,0.00171513,0.00171513,0.00171513
4,41.6947,3.18386,3.54303,3.28383,0,0,0,0,nan,nan,nan,0.00199151,0.00199151,0.00199151
5,44.9407,3.62289,3.51961,3.35164,0,0,0,0,nan,nan,nan,0.00198869,0.00198869,0.00198869
6,48.1793,3.51116,3.55937,3.26965,0,0,0,0,nan,nan,nan,0.00198586,0.00198586,0.00198586
7,51.724,3.1829,2.6748,2.82939,0,0,0,0,nan,nan,nan,0.00198303,0.00198303,0.00198303
8,54.9236,3.22509,3.29835,3.00573,0.02593,0.13333,0.01194,0.00304,3.18261,12.9615,3.2669,0.0019802,0.0019802,0.0019802
9,58.2483,2.9827,2.67984,2.72827,0.01282,0.2,0.01307,0.00242,3.26212,389.891,3.7287,0.00197737,0.00197737,0.00197737
10,61.518,3.24239,2.94139,3.09838,0.07742,0.2,0.14476,0.02651,3.36075,63.6417,3.40046,0.00197454,0.00197454,0.00197454
11,65.1145,3.02368,2.49453,2.88493,0,0,0,0,nan,nan,nan,0.00197171,0.00197171,0.00197171
12,68.3543,2.93152,2.68531,2.84755,0,0,0,0,nan,nan,nan,0.00196889,0.00196889,0.00196889
13,71.6646,2.94081,2.6667,2.9683,0.00027,0.4,0.00016,2e-05,nan,nan,nan,0.00196606,0.00196606,0.00196606
14,74.8676,2.64896,2.60248,2.7053,0.01366,0.13333,0.03257,0.00869,2.87523,3.70654,3.23274,0.00196323,0.00196323,0.00196323
15,78.1135,2.69269,2.67769,2.83268,0.8028,0.13333,0.16216,0.05576,2.48065,3.24932,3.1288,0.0019604,0.0019604,0.0019604
16,81.4443,2.66944,2.62226,2.84058,0.2459,0.06667,0.08896,0.02584,3.29897,5.66421,3.33566,0.00195757,0.00195757,0.00195757
17,84.7087,3.07445,2.86372,3.21463,0.19616,0.06667,0.08554,0.03317,2.63202,4.8248,3.14877,0.00195474,0.00195474,0.00195474
18,87.9535,2.84003,2.75335,2.78749,0.21622,0.2,0.13281,0.04765,2.26324,3.41678,3.07725,0.00195191,0.00195191,0.00195191
19,91.1958,2.60317,2.44252,2.58879,0.5147,0.13333,0.15094,0.03952,2.65776,4.46297,2.96997,0.00194909,0.00194909,0.00194909
20,94.4759,2.9144,2.425,2.76585,0.40125,0.13333,0.14982,0.05491,2.98815,3.75375,3.02401,0.00194626,0.00194626,0.00194626
21,97.7189,2.74432,2.45433,2.67199,0.31551,0.13333,0.10122,0.04662,2.64457,31.4459,2.87818,0.00194343,0.00194343,0.00194343
22,100.927,2.27868,2.35854,2.31217,0.64606,0.48799,0.59407,0.14941,2.43595,1.88805,2.81634,0.0019406,0.0019406,0.0019406
23,104.322,2.6493,2.53509,2.70177,0.65434,0.33333,0.42318,0.14264,2.24262,3.20456,2.93247,0.00193777,0.00193777,0.00193777
24,107.548,2.52771,2.55043,2.58175,0.06588,0.73333,0.21243,0.06637,2.88487,2.88633,3.2813,0.00193494,0.00193494,0.00193494
25,110.78,2.76601,2.63891,2.86579,0.02147,0.93333,0.25994,0.06237,2.78158,2.58254,3.45683,0.00193211,0.00193211,0.00193211
26,114.035,2.67831,2.38071,2.73464,0.37909,0.33333,0.34455,0.08392,2.67889,7.45353,3.20029,0.00192929,0.00192929,0.00192929
27,117.295,2.57866,2.61285,2.65001,0.35226,0.46667,0.39579,0.13923,2.36719,2.45878,3.01046,0.00192646,0.00192646,0.00192646
28,120.535,2.59668,2.85638,2.68695,0.7196,0.13333,0.26501,0.11782,2.22137,2.47585,2.99987,0.00192363,0.00192363,0.00192363
29,123.81,2.72694,2.56916,2.70034,0.4463,0.2,0.23558,0.09995,2.51675,2.79276,3.20551,0.0019208,0.0019208,0.0019208
30,127.14,2.51149,2.46474,2.52084,0.47264,0.3005,0.30783,0.1078,2.55585,5.87552,3.06125,0.00191797,0.00191797,0.00191797
31,130.396,2.59954,2.54229,2.74836,0.07034,0.93333,0.34528,0.12508,2.36244,2.74273,2.89223,0.00191514,0.00191514,0.00191514
32,133.634,2.85347,2.52473,2.69194,0.27394,0.33333,0.30511,0.11333,2.24852,2.15793,2.81055,0.00191231,0.00191231,0.00191231
33,136.889,2.6028,2.40009,2.61372,0.33857,0.33333,0.31299,0.10415,2.38418,2.36451,2.95112,0.00190949,0.00190949,0.00190949
34,140.17,2.56009,2.47135,2.56808,0.25608,0.26667,0.29705,0.12089,2.36484,2.63861,2.95595,0.00190666,0.00190666,0.00190666
35,143.465,2.47723,2.41238,2.55053,0.1915,0.33333,0.24752,0.0985,2.46062,2.43021,2.97919,0.00190383,0.00190383,0.00190383
36,146.678,2.40005,2.43342,2.52844,0.53591,0.13333,0.2915,0.10377,2.59725,2.60454,2.96605,0.001901,0.001901,0.001901
37,149.925,2.55769,2.34723,2.67669,0.45352,0.26667,0.36101,0.08268,2.60604,4.2294,2.93788,0.00189817,0.00189817,0.00189817
38,153.345,2.44334,2.34342,2.56979,0.57267,0.2,0.29061,0.07972,2.59891,2.46137,2.8874,0.00189534,0.00189534,0.00189534
39,156.625,2.4366,2.22013,2.61817,0.64579,0.4874,0.52395,0.17986,2.42393,2.19258,2.91813,0.00189251,0.00189251,0.00189251
40,159.964,2.68497,2.25917,2.80302,0.28081,0.2,0.26798,0.09192,2.86226,2.60952,3.1447,0.00188969,0.00188969,0.00188969
41,163.261,2.60395,2.48309,2.60655,0.06948,0.2,0.08635,0.01892,3.00303,4.04322,3.0371,0.00188686,0.00188686,0.00188686
42,166.465,2.40439,2.40162,2.55014,0.70847,0.33333,0.5241,0.18258,2.23835,2.42399,2.85077,0.00188403,0.00188403,0.00188403
43,169.873,2.62595,2.29096,2.67751,0.21074,0.57002,0.18122,0.05446,2.6313,12.2252,3.00082,0.0018812,0.0018812,0.0018812
44,173.116,2.4343,2.17957,2.72072,0.48988,0.26667,0.34913,0.13505,2.14122,2.93684,2.85192,0.00187837,0.00187837,0.00187837
45,176.304,2.13753,2.40722,2.3229,0.32433,0.53333,0.36625,0.13802,2.12258,3.78435,2.83197,0.00187554,0.00187554,0.00187554
46,179.537,2.43797,2.42212,2.64296,0.40957,0.46667,0.40313,0.15867,2.18613,2.44846,2.83404,0.00187271,0.00187271,0.00187271
47,182.784,2.33102,2.3513,2.50516,0.21214,0.6,0.23564,0.08811,2.50548,9.82273,3.03427,0.00186989,0.00186989,0.00186989
48,186.092,2.55164,2.23294,2.66416,0.1697,0.4,0.19972,0.04617,2.68177,19.57,3.13568,0.00186706,0.00186706,0.00186706
49,189.3,2.43612,2.2115,2.61513,0.35291,0.32762,0.32754,0.16415,2.26093,2.49745,2.77653,0.00186423,0.00186423,0.00186423
50,192.537,2.31721,2.18856,2.50592,0.18701,0.13333,0.2664,0.10002,2.60933,3.16861,2.98458,0.0018614,0.0018614,0.0018614
51,195.752,2.2448,2.36095,2.41827,0.21776,0.46667,0.19572,0.05506,3.12175,2.24816,3.47726,0.00185857,0.00185857,0.00185857
52,198.962,2.27312,2.25894,2.53554,0.40894,0.4,0.38692,0.13264,2.18722,6.53417,2.84994,0.00185574,0.00185574,0.00185574
53,202.25,2.13097,2.32834,2.2635,0.16842,0.26667,0.25396,0.12817,1.99938,17.3005,2.73162,0.00185291,0.00185291,0.00185291
54,205.494,2.29384,2.32352,2.38455,0.45583,0.55928,0.46443,0.19312,2.18477,2.41883,2.77338,0.00185009,0.00185009,0.00185009
55,208.855,2.36602,2.22319,2.5068,0.49291,0.66667,0.54663,0.20194,2.05564,1.88888,2.70491,0.00184726,0.00184726,0.00184726
56,212.254,2.48761,2.21323,2.56245,0.20419,0.13333,0.16935,0.05308,2.44306,2.70141,2.82297,0.00184443,0.00184443,0.00184443
57,215.494,2.44101,2.33091,2.44614,0.44972,0.4,0.52766,0.19406,2.0004,2.44449,2.72936,0.0018416,0.0018416,0.0018416
58,218.704,2.38095,2.17389,2.50284,0.50843,0.26667,0.35329,0.1109,2.13523,1.90932,2.92182,0.00183877,0.00183877,0.00183877
59,221.996,2.23001,2.17707,2.4548,0.25048,0.4,0.32035,0.13503,2.12744,11.5705,2.77901,0.00183594,0.00183594,0.00183594
60,225.249,2.20826,2.17732,2.37575,0.83775,0.13333,0.16936,0.0754,2.04949,16.661,2.6817,0.00183311,0.00183311,0.00183311
61,228.488,2.10658,2.00252,2.33591,0.38142,0.6,0.41356,0.1528,1.94405,8.07895,2.63192,0.00183029,0.00183029,0.00183029
62,231.762,2.15032,2.24336,2.30264,0.3599,0.46667,0.31119,0.09968,2.34639,2.15657,2.78536,0.00182746,0.00182746,0.00182746
63,234.958,2.10063,2.30907,2.29038,0.43394,0.56302,0.32741,0.0938,2.52007,2.18491,2.93919,0.00182463,0.00182463,0.00182463
64,238.191,2.12796,2.27903,2.3474,0.20372,0.53333,0.31542,0.09912,2.22695,55.9271,2.73085,0.0018218,0.0018218,0.0018218
65,241.434,2.5296,2.77767,2.66111,0.49855,0.3316,0.39392,0.15886,1.83022,4.30475,2.64761,0.00181897,0.00181897,0.00181897
66,244.696,2.35011,2.30141,2.52105,0.58028,0.13333,0.25323,0.10586,1.99701,3.7864,2.67671,0.00181614,0.00181614,0.00181614
67,247.939,2.13828,2.27314,2.29858,0.00918,0.6,0.0508,0.00992,2.60778,3.29636,2.89206,0.00181331,0.00181331,0.00181331
68,251.174,2.47503,1.97911,2.54185,0.57214,0.4,0.47785,0.14612,2.49377,2.77065,2.92555,0.00181049,0.00181049,0.00181049
69,254.455,2.11056,2.19076,2.3269,0.51094,0.34938,0.52127,0.20498,2.28346,2.24747,2.77646,0.00180766,0.00180766,0.00180766
70,257.849,2.23156,1.98989,2.41977,0.39523,0.56716,0.4934,0.19154,2.0755,2.30441,2.72003,0.00180483,0.00180483,0.00180483
71,261.084,2.34863,2.09174,2.54397,0.48015,0.2,0.39141,0.14527,2.58737,2.64582,2.86546,0.001802,0.001802,0.001802
72,264.332,2.306,2.07237,2.47327,0.48344,0.43796,0.46144,0.12515,2.37068,2.52075,2.80741,0.00179917,0.00179917,0.00179917
73,267.582,2.33943,2.46187,2.36214,0.52006,0.46667,0.47849,0.22686,2.15137,2.54878,2.77593,0.00179634,0.00179634,0.00179634
74,270.945,2.31283,2.09779,2.50619,0.44976,0.26667,0.39836,0.18695,1.95536,8.56397,2.69944,0.00179351,0.00179351,0.00179351
75,274.241,2.15638,2.12803,2.52396,0.32324,0.66667,0.42055,0.20531,1.94508,4.28973,2.58981,0.00179069,0.00179069,0.00179069
76,277.485,2.09375,2.31999,2.32354,0.37513,0.53333,0.38113,0.20736,2.2781,1.92481,2.76396,0.00178786,0.00178786,0.00178786
77,280.732,2.05517,2.01825,2.28823,0.27096,0.46667,0.32394,0.12761,2.11045,2.14954,2.65307,0.00178503,0.00178503,0.00178503
78,284.014,2.15184,2.1507,2.22682,0.73053,0.13333,0.26203,0.11118,2.29563,3.08691,2.81192,0.0017822,0.0017822,0.0017822
79,287.253,2.15227,2.07992,2.36963,0.29728,0.46667,0.33264,0.12185,1.98932,2.29931,2.65438,0.00177937,0.00177937,0.00177937
80,290.459,1.97128,2.24012,2.25413,0.40685,0.53333,0.42779,0.1615,2.07245,1.91562,2.70534,0.00177654,0.00177654,0.00177654
81,293.679,2.4835,2.53882,2.54795,0.47023,0.35634,0.4022,0.17029,2.08826,1.79329,2.71616,0.00177371,0.00177371,0.00177371
82,296.931,2.24353,2.10419,2.56131,0.38574,0.54469,0.43399,0.20318,2.01363,1.72318,2.6174,0.00177089,0.00177089,0.00177089
83,300.173,2.02927,1.92682,2.24441,0.45189,0.46667,0.45281,0.17169,2.07948,1.92458,2.72948,0.00176806,0.00176806,0.00176806
84,303.454,2.15617,2.12682,2.34326,0.48878,0.33333,0.54308,0.13671,2.39003,2.25361,2.88274,0.00176523,0.00176523,0.00176523
85,306.708,2.3336,1.98259,2.4345,0.31848,0.4,0.55714,0.18214,2.24667,1.781,2.70883,0.0017624,0.0017624,0.0017624
86,310.014,2.36348,2.17597,2.64261,0.50483,0.53333,0.52977,0.22307,1.98495,2.23912,2.64551,0.00175957,0.00175957,0.00175957
87,313.322,2.288,2.05371,2.44116,0.55654,0.46667,0.49474,0.15416,2.25315,11.3994,2.78346,0.00175674,0.00175674,0.00175674
88,316.588,2.06643,2.15184,2.30148,0.44635,0.66667,0.57216,0.18278,2.30213,2.19586,2.81219,0.00175391,0.00175391,0.00175391
89,319.81,2.07283,2.08435,2.49244,0.65677,0.63895,0.72015,0.2805,2.17978,1.54404,2.71945,0.00175109,0.00175109,0.00175109
90,323.179,2.17355,2.13595,2.47759,0.58925,0.8,0.72177,0.27221,2.25403,1.97271,2.77636,0.00174826,0.00174826,0.00174826
91,326.425,2.09305,1.98936,2.49306,0.38922,0.46667,0.51018,0.18403,2.00332,1.88272,2.56516,0.00174543,0.00174543,0.00174543
92,329.701,2.18347,1.81395,2.38842,0.25684,0.73333,0.36963,0.18871,1.97166,15.2418,2.55152,0.0017426,0.0017426,0.0017426
93,332.956,2.27195,2.3097,2.34719,0.24072,0.6,0.34544,0.16076,2.08926,2.44201,2.61994,0.00173977,0.00173977,0.00173977
94,336.16,2.12974,2.05977,2.25021,0.3307,0.53333,0.38239,0.15172,2.36533,1.99594,2.83256,0.00173694,0.00173694,0.00173694
95,339.396,2.01995,1.80325,2.20079,0.50016,0.4,0.54885,0.27576,1.74564,1.66529,2.48881,0.00173411,0.00173411,0.00173411
96,342.665,2.00284,1.87299,2.27973,0.80904,0.66667,0.67695,0.32063,1.7348,1.91357,2.51229,0.00173129,0.00173129,0.00173129
97,346.03,2.27687,1.94254,2.41539,0.66593,0.46667,0.57353,0.23076,1.87135,2.05282,2.54659,0.00172846,0.00172846,0.00172846
98,349.237,2.29919,2.1472,2.48487,0.48794,0.6,0.52484,0.24715,1.92953,1.75219,2.56723,0.00172563,0.00172563,0.00172563
99,352.502,2.16575,1.88322,2.36021,0.64916,0.6,0.63024,0.30223,1.84565,2.01696,2.44902,0.0017228,0.0017228,0.0017228
100,355.786,1.98158,2.12515,2.23741,0.32573,0.46667,0.34351,0.16179,2.05164,6.35169,2.57108,0.00171997,0.00171997,0.00171997
101,359.047,2.06278,2.15581,2.31637,0.32498,0.6,0.39253,0.16783,1.75481,2.0901,2.50844,0.00171714,0.00171714,0.00171714
102,362.275,1.85489,1.9933,2.04787,0.44763,0.53333,0.59954,0.24739,1.88868,1.75168,2.49139,0.00171431,0.00171431,0.00171431
103,365.506,2.04436,1.92541,2.31831,0.44337,0.6,0.57037,0.23265,2.22847,1.66253,2.64419,0.00171149,0.00171149,0.00171149
104,368.71,2.02587,1.91294,2.26356,0.44511,0.46667,0.40725,0.17979,2.20555,2.00543,2.61337,0.00170866,0.00170866,0.00170866
105,371.992,2.19737,2.12067,2.34244,0.4105,0.4,0.45011,0.18962,1.8213,1.91202,2.51175,0.00170583,0.00170583,0.00170583
106,375.241,2.06275,1.93717,2.28863,0.37905,0.53333,0.42378,0.18367,2.20928,1.91179,2.6711,0.001703,0.001703,0.001703
107,378.521,2.08864,1.80189,2.35193,0.36325,0.53249,0.46243,0.18995,1.90921,2.51516,2.4372,0.00170017,0.00170017,0.00170017
108,381.791,2.17386,1.74958,2.36477,0.4445,0.53333,0.42527,0.18726,1.93237,2.89529,2.50064,0.00169734,0.00169734,0.00169734
109,385,2.08255,1.81756,2.31107,0.5677,0.61348,0.53988,0.25984,1.89314,1.56067,2.51056,0.00169451,0.00169451,0.00169451
110,388.215,1.88373,1.67363,2.05298,0.67646,0.53333,0.62716,0.24109,1.99986,1.97651,2.66257,0.00169169,0.00169169,0.00169169
111,391.443,2.03552,1.83606,2.42068,0.76274,0.43059,0.61664,0.26179,1.92639,1.62431,2.53589,0.00168886,0.00168886,0.00168886
112,394.641,2.23698,1.81304,2.36092,0.75908,0.4,0.59844,0.25854,1.90794,1.69716,2.54238,0.00168603,0.00168603,0.00168603
113,397.903,2.02478,1.74366,2.27941,0.7142,0.4,0.40499,0.16317,1.90365,5.66267,2.61614,0.0016832,0.0016832,0.0016832
114,401.136,1.92857,1.73066,2.22804,0.70167,0.4,0.46705,0.20973,1.97129,2.07195,2.60913,0.00168037,0.00168037,0.00168037
115,404.389,1.90322,1.91909,2.24087,0.24665,0.5241,0.36303,0.18405,1.98521,1.86544,2.57135,0.00167754,0.00167754,0.00167754
116,407.669,2.19041,1.89872,2.43405,0.28245,0.53333,0.37533,0.1723,1.97334,2.03764,2.57687,0.00167471,0.00167471,0.00167471
117,410.931,2.07383,1.80119,2.2373,0.56334,0.33333,0.43872,0.17558,2.07159,2.30556,2.6147,0.00167189,0.00167189,0.00167189
118,414.19,2.17929,1.98894,2.49987,0.4598,0.53333,0.47332,0.18669,2.22693,1.88194,2.8039,0.00166906,0.00166906,0.00166906
119,417.436,2.05818,1.69775,2.21186,0.65971,0.4,0.5724,0.17495,1.93572,6.66552,2.5225,0.00166623,0.00166623,0.00166623
120,420.639,2.24836,2.04119,2.31929,0.42289,0.53333,0.52509,0.17649,1.9131,1.59659,2.49135,0.0016634,0.0016634,0.0016634
121,423.891,2.14889,1.85371,2.35491,0.38764,0.53333,0.43422,0.12905,1.9789,1.83383,2.55166,0.00166057,0.00166057,0.00166057
122,427.115,1.92022,1.8832,2.20515,0.53133,0.53333,0.59879,0.18611,1.95428,1.8039,2.58897,0.00165774,0.00165774,0.00165774
123,430.336,1.81284,1.82852,2.04794,0.54857,0.66667,0.54525,0.2113,2.07937,1.73947,2.62896,0.00165491,0.00165491,0.00165491
124,433.605,2.09467,1.89413,2.33359,0.43599,0.53333,0.50993,0.19916,2.05372,1.62553,2.60039,0.00165209,0.00165209,0.00165209
125,436.892,1.99322,2.00746,2.34428,0.53853,0.70104,0.55399,0.24484,1.87693,2.31132,2.5751,0.00164926,0.00164926,0.00164926
126,440.125,1.86025,1.97049,2.09732,0.44266,0.5297,0.55481,0.2668,1.97947,1.86725,2.60798,0.00164643,0.00164643,0.00164643
127,443.388,2.05631,1.80756,2.35962,0.60711,0.33333,0.51217,0.22533,2.12152,1.7123,2.69811,0.0016436,0.0016436,0.0016436
128,446.608,2.0633,1.78797,2.20739,0.52853,0.3009,0.43957,0.17307,2.18566,3.49367,2.65165,0.00164077,0.00164077,0.00164077
129,449.909,2.14565,1.95164,2.40871,0.40721,0.77905,0.4666,0.18417,2.01259,5.422,2.5853,0.00163794,0.00163794,0.00163794
130,453.17,1.82515,2.11764,2.11459,0.40502,0.66667,0.52597,0.20458,2.10572,4.3252,2.65596,0.00163511,0.00163511,0.00163511
131,456.436,2.00019,2.04723,2.39664,0.30598,0.66667,0.4288,0.19567,2.08197,1.90197,2.59895,0.00163229,0.00163229,0.00163229
132,459.695,1.65637,1.78207,2.0231,0.32701,0.4,0.53721,0.28025,1.99925,1.6171,2.56701,0.00162946,0.00162946,0.00162946
133,462.877,1.91558,1.80976,2.10069,0.5518,0.73894,0.63842,0.22666,2.34602,1.77891,2.78694,0.00162663,0.00162663,0.00162663
134,466.108,1.93744,2.00018,2.21027,0.70013,0.46667,0.65683,0.29161,2.07692,2.05047,2.68151,0.0016238,0.0016238,0.0016238
135,469.379,2.02745,2.11261,2.24499,0.62639,0.33333,0.47526,0.22772,1.91063,1.83048,2.59032,0.00162097,0.00162097,0.00162097
136,472.638,1.86577,1.80056,2.12029,0.27245,0.35014,0.30994,0.15619,1.93515,2.03058,2.55733,0.00161814,0.00161814,0.00161814
137,475.861,1.79329,1.90773,2.07848,0.37116,0.43379,0.47105,0.16914,1.97045,3.15315,2.63997,0.00161531,0.00161531,0.00161531
138,479.107,1.97388,1.71382,2.27794,0.57923,0.6,0.56351,0.18143,1.9207,1.90187,2.59604,0.00161249,0.00161249,0.00161249
139,482.415,2.08902,1.8604,2.38987,0.35352,0.6,0.42053,0.15717,2.24396,34.8798,2.78031,0.00160966,0.00160966,0.00160966
140,485.628,1.90514,1.9006,2.13987,0.67472,0.4,0.56086,0.23871,2.12867,2.15839,2.6934,0.00160683,0.00160683,0.00160683
141,488.835,1.76792,1.65918,2.06794,0.52476,0.46667,0.59975,0.24599,2.09343,1.82691,2.67172,0.001604,0.001604,0.001604
142,492.044,1.96211,1.75144,2.21473,0.62541,0.6,0.68043,0.25112,1.88966,1.60544,2.51589,0.00160117,0.00160117,0.00160117
143,495.265,1.7092,1.81761,2.00791,0.44699,0.43223,0.44108,0.15367,1.83601,2.38647,2.55156,0.00159834,0.00159834,0.00159834
144,498.489,1.94431,1.69646,2.27103,0.32104,0.63101,0.39829,0.18292,1.87004,1.86616,2.47545,0.00159551,0.00159551,0.00159551
145,501.749,1.95402,1.76698,2.1749,0.45976,0.46667,0.46698,0.20513,1.96927,2.94748,2.64476,0.00159269,0.00159269,0.00159269
146,504.979,2.07028,1.79508,2.21381,0.38729,0.53333,0.43625,0.20873,1.82366,1.72295,2.58231,0.00158986,0.00158986,0.00158986
147,508.258,1.94888,1.77039,2.23421,0.41307,0.46667,0.47627,0.22407,1.90433,1.85359,2.58301,0.00158703,0.00158703,0.00158703
148,511.541,2.01053,1.84348,2.40278,0.39069,0.66667,0.4979,0.24831,1.77214,4.20424,2.47103,0.0015842,0.0015842,0.0015842
149,514.796,1.90524,1.86994,2.173,0.43535,0.33333,0.31493,0.16605,1.80023,15.0284,2.46033,0.00158137,0.00158137,0.00158137
150,518.081,1.68864,1.63436,2.07173,0.4673,0.46667,0.55855,0.24235,1.92807,1.90878,2.51712,0.00157854,0.00157854,0.00157854
151,521.308,2.16071,1.90178,2.35206,0.43041,0.53333,0.62931,0.21673,2.19613,1.89969,2.72356,0.00157571,0.00157571,0.00157571
152,524.495,2.09341,1.70468,2.26007,0.55365,0.49738,0.57488,0.25639,2.39866,1.96885,2.86447,0.00157289,0.00157289,0.00157289
153,527.749,1.91431,1.7786,2.22666,0.57651,0.46667,0.59165,0.25235,2.21145,1.76925,2.75621,0.00157006,0.00157006,0.00157006
154,531.011,1.90515,1.6598,2.17032,0.64587,0.4,0.61049,0.2958,1.97903,1.71456,2.58816,0.00156723,0.00156723,0.00156723
155,534.295,1.99741,1.7802,2.24564,0.52517,0.6,0.63433,0.31724,1.96632,1.92527,2.51429,0.0015644,0.0015644,0.0015644
156,537.516,1.67198,1.56946,2.03643,0.57488,0.53333,0.66747,0.30062,1.84522,1.76678,2.53196,0.00156157,0.00156157,0.00156157
157,540.798,1.81566,1.91058,2.06255,0.43847,0.53333,0.59618,0.2519,1.94437,1.9314,2.60433,0.00155874,0.00155874,0.00155874
158,544.118,1.92322,1.62826,2.25267,0.37624,0.6,0.49796,0.21874,1.97041,2.34317,2.5185,0.00155591,0.00155591,0.00155591
159,547.474,1.96265,1.60828,2.19304,0.78528,0.6,0.59158,0.27697,1.85612,6.6431,2.52996,0.00155309,0.00155309,0.00155309
160,550.692,1.81571,1.6152,2.05536,0.35796,0.66911,0.57457,0.27399,1.89312,3.90114,2.47128,0.00155026,0.00155026,0.00155026
161,553.898,1.92968,1.63926,2.135,0.40198,0.46667,0.44974,0.1936,1.83091,1.72568,2.54986,0.00154743,0.00154743,0.00154743
162,557.157,1.97123,1.64142,2.30533,0.51409,0.6,0.52525,0.22151,1.94621,1.71313,2.58729,0.0015446,0.0015446,0.0015446
163,560.372,1.92223,1.73973,2.19096,0.51387,0.56477,0.60553,0.2438,2.03051,1.55397,2.59819,0.00154177,0.00154177,0.00154177
164,563.645,2.18258,1.82324,2.35327,0.45852,0.56543,0.51944,0.24065,2.0199,1.69038,2.62327,0.00153894,0.00153894,0.00153894
165,566.846,2.06487,1.83505,2.32965,0.46057,0.46667,0.49449,0.1984,1.91088,1.68226,2.55246,0.00153611,0.00153611,0.00153611
166,570.118,1.95726,1.61146,2.18875,0.63857,0.58959,0.56519,0.20965,1.89846,1.88782,2.48175,0.00153329,0.00153329,0.00153329
